IP Address,Port,Code,Country,Anonymity,Google,Https,Last Checked
162.247.153.124,80,US,United States,anonymous,yes,no,4 secs ago
104.148.36.10,80,US,United States,anonymous,yes,no,4 secs ago
165.232.149.87,8888,US,United States,anonymous,,yes,23 secs ago
54.175.197.235,80,US,United States,anonymous,yes,no,1 min ago
165.3.122.6,80,US,United States,anonymous,,no,10 mins ago
38.94.109.7,80,US,United States,anonymous,no,no,20 mins ago
18.223.136.29,80,US,United States,anonymous,yes,no,21 mins ago
168.91.234.183,80,US,United States,anonymous,no,yes,40 mins ago
38.94.109.12,80,US,United States,anonymous,,no,1 hour 31 mins ago
206.222.8.58,80,US,United States,anonymous,,no,1 hour 31 mins ago
135.148.45.125,80,US,United States,anonymous,yes,no,1 hour 50 mins ago
155.138.197.162,80,US,United States,anonymous,,no,2 hours 51 mins ago
