IP Address,Port,Code,Country,Version,Anonymity,Https,Last Checked
216.255.62.44,8111,US,United States,Socks4,Anonymous,Yes,5 secs ago
23.88.121.205,33739,DE,Germany,Socks4,Anonymous,Yes,5 secs ago
200.55.25.15,5678,AR,Argentina,Socks4,Anonymous,Yes,5 secs ago
69.30.250.186,19213,US,United States,Socks4,Anonymous,Yes,5 secs ago
91.105.163.245,1080,RU,Russian Federation,Socks4,Anonymous,Yes,5 secs ago
207.182.92.51,8111,US,United States,Socks4,Anonymous,Yes,5 secs ago
195.228.65.164,5678,HU,Hungary,Socks4,Anonymous,Yes,5 secs ago
137.118.222.131,8111,US,United States,Socks4,Anonymous,Yes,5 secs ago
95.48.193.246,1080,PL,Poland,Socks4,Anonymous,Yes,5 secs ago
207.199.194.110,8111,US,United States,Socks4,Anonymous,Yes,5 secs ago
174.46.69.6,8111,US,United States,Socks4,Anonymous,Yes,5 secs ago
24.224.15.54,8111,US,United States,Socks4,Anonymous,Yes,5 secs ago
103.175.46.126,1080,ID,Indonesia,Socks4,Anonymous,Yes,5 secs ago
88.247.34.131,8111,TR,Turkey,Socks4,Anonymous,Yes,5 secs ago
103.9.114.194,39204,BD,Bangladesh,Socks4,Anonymous,Yes,5 secs ago
78.186.118.21,8111,TR,Turkey,Socks4,Anonymous,Yes,5 secs ago
216.255.35.184,8111,US,United States,Socks4,Anonymous,Yes,5 secs ago
137.118.191.198,8111,US,United States,Socks4,Anonymous,Yes,5 secs ago
93.180.133.8,51652,TR,Turkey,Socks4,Anonymous,Yes,5 secs ago
198.0.198.132,54321,US,United States,Socks4,Anonymous,Yes,5 secs ago
190.180.35.150,5678,BO,Bolivia,Socks4,Anonymous,Yes,5 secs ago
67.231.32.145,8111,US,United States,Socks4,Anonymous,Yes,5 secs ago
45.91.92.45,12603,CH,Switzerland,Socks4,Anonymous,Yes,5 secs ago
95.9.118.159,8111,TR,Turkey,Socks4,Anonymous,Yes,5 secs ago
187.44.57.55,4145,BR,Brazil,Socks4,Anonymous,Yes,5 secs ago
66.170.67.162,8111,US,United States,Socks4,Anonymous,Yes,5 secs ago
137.118.185.52,8111,US,United States,Socks4,Anonymous,Yes,5 secs ago
73.210.25.138,8111,US,United States,Socks4,Anonymous,Yes,5 secs ago
103.162.191.68,8111,IN,India,Socks4,Anonymous,Yes,5 secs ago
190.109.72.234,33633,BR,Brazil,Socks4,Anonymous,Yes,5 secs ago
199.116.100.168,8111,US,United States,Socks4,Anonymous,Yes,5 secs ago
194.132.11.31,49153,NO,Norway,Socks4,Anonymous,Yes,5 secs ago
200.212.2.94,61283,BR,Brazil,Socks4,Anonymous,Yes,5 secs ago
69.58.157.189,8111,US,United States,Socks4,Anonymous,Yes,5 secs ago
78.187.97.187,8111,TR,Turkey,Socks4,Anonymous,Yes,5 secs ago
199.255.65.119,8111,US,United States,Socks4,Anonymous,Yes,5 secs ago
137.118.136.213,8111,US,United States,Socks4,Anonymous,Yes,5 secs ago
62.201.212.194,5678,IQ,Iraq,Socks4,Anonymous,Yes,5 secs ago
104.203.196.195,8111,US,United States,Socks4,Anonymous,Yes,5 secs ago
64.178.176.140,8111,US,United States,Socks4,Anonymous,Yes,5 secs ago
139.162.196.67,36732,GB,United Kingdom,Socks4,Anonymous,Yes,5 secs ago
65.19.245.41,8111,US,United States,Socks4,Anonymous,Yes,5 secs ago
104.203.177.121,8111,US,United States,Socks4,Anonymous,Yes,5 secs ago
70.161.181.164,8111,US,United States,Socks4,Anonymous,Yes,5 secs ago
178.62.144.84,7497,NL,Netherlands,Socks4,Anonymous,Yes,5 secs ago
207.144.193.174,8111,US,United States,Socks4,Anonymous,Yes,5 secs ago
180.211.118.142,8111,IN,India,Socks4,Anonymous,Yes,5 secs ago
24.246.215.41,8111,US,United States,Socks4,Anonymous,Yes,5 secs ago
137.118.217.174,8111,US,United States,Socks4,Anonymous,Yes,5 secs ago
66.254.171.167,1080,US,United States,Socks4,Anonymous,Yes,5 secs ago
162.0.220.218,40568,US,United States,Socks4,Anonymous,Yes,5 secs ago
69.27.14.141,28698,US,United States,Socks4,Anonymous,Yes,5 secs ago
103.93.185.82,5678,ID,Indonesia,Socks4,Anonymous,Yes,5 secs ago
159.203.111.0,7497,US,United States,Socks4,Anonymous,Yes,5 secs ago
207.5.15.162,8111,US,United States,Socks4,Anonymous,Yes,5 secs ago
73.164.97.212,8111,US,United States,Socks4,Anonymous,Yes,5 secs ago
202.183.24.46,5678,ID,Indonesia,Socks4,Anonymous,Yes,5 secs ago
50.192.49.195,32100,US,United States,Socks4,Anonymous,Yes,5 secs ago
76.77.196.193,8111,US,United States,Socks4,Anonymous,Yes,5 secs ago
207.138.195.37,8111,US,United States,Socks4,Anonymous,Yes,5 secs ago
209.124.101.194,5678,NI,Nicaragua,Socks4,Anonymous,Yes,5 secs ago
38.2.5.79,8111,US,United States,Socks4,Anonymous,Yes,5 secs ago
62.122.201.246,50129,UA,Ukraine,Socks4,Anonymous,Yes,5 secs ago
102.176.180.6,4153,KE,Kenya,Socks4,Anonymous,Yes,5 secs ago
103.162.196.122,5678,IN,India,Socks4,Anonymous,Yes,5 secs ago
90.188.56.158,4153,RU,Russian Federation,Socks4,Anonymous,Yes,5 secs ago
207.144.193.139,8111,US,United States,Socks4,Anonymous,Yes,5 secs ago
66.117.111.157,8111,US,United States,Socks4,Anonymous,Yes,5 secs ago
72.204.154.194,8111,US,United States,Socks4,Anonymous,Yes,5 secs ago
64.30.83.239,8111,US,United States,Socks4,Anonymous,Yes,5 secs ago
70.60.230.193,32940,US,United States,Socks4,Anonymous,Yes,5 secs ago
190.63.174.18,5678,EC,Ecuador,Socks4,Anonymous,Yes,5 secs ago
73.102.12.188,8111,US,United States,Socks4,Anonymous,Yes,5 secs ago
209.213.23.231,8111,US,United States,Socks4,Anonymous,Yes,5 secs ago
194.195.216.153,4153,US,United States,Socks4,Anonymous,Yes,5 secs ago
181.78.24.29,5678,CO,Colombia,Socks4,Anonymous,Yes,5 secs ago
64.127.153.10,8111,US,United States,Socks4,Anonymous,Yes,5 secs ago
152.44.12.75,8111,US,United States,Socks4,Anonymous,Yes,5 secs ago
116.58.122.50,5678,PK,Pakistan,Socks4,Anonymous,Yes,5 secs ago
103.106.236.115,1088,BD,Bangladesh,Socks4,Anonymous,Yes,5 secs ago
74.119.125.210,8111,US,United States,Socks4,Anonymous,Yes,5 secs ago
47.243.9.243,51080,HK,Hong Kong,Socks4,Anonymous,Yes,5 secs ago
178.62.238.154,7497,NL,Netherlands,Socks4,Anonymous,Yes,5 secs ago
170.84.50.225,4153,BR,Brazil,Socks4,Anonymous,Yes,5 secs ago
170.80.221.153,4153,BR,Brazil,Socks4,Anonymous,Yes,5 secs ago
38.21.137.9,8111,US,United States,Socks4,Anonymous,Yes,5 secs ago
178.254.157.214,1080,RS,Serbia,Socks4,Anonymous,Yes,5 secs ago
202.29.234.42,7497,TH,Thailand,Socks4,Anonymous,Yes,5 secs ago
137.118.140.132,8111,US,United States,Socks4,Anonymous,Yes,5 secs ago
210.245.51.23,4145,VN,Vietnam,Socks4,Anonymous,Yes,5 secs ago
68.64.254.53,8111,US,United States,Socks4,Anonymous,Yes,5 secs ago
43.228.131.115,32992,MN,Mongolia,Socks4,Anonymous,Yes,5 secs ago
170.39.223.18,8111,US,United States,Socks4,Anonymous,Yes,5 secs ago
24.155.117.220,8111,US,United States,Socks4,Anonymous,Yes,5 secs ago
78.187.7.230,8111,TR,Turkey,Socks4,Anonymous,Yes,5 secs ago
41.190.147.158,33409,UG,Uganda,Socks4,Anonymous,Yes,5 secs ago
88.247.35.202,8111,TR,Turkey,Socks4,Anonymous,Yes,5 secs ago
102.219.33.178,1080,GH,Ghana,Socks4,Anonymous,Yes,5 secs ago
173.248.23.31,8111,US,United States,Socks4,Anonymous,Yes,5 secs ago
73.245.46.108,8111,US,United States,Socks4,Anonymous,Yes,5 secs ago
46.35.106.199,8111,ES,Spain,Socks4,Anonymous,Yes,5 secs ago
186.225.36.122,5678,BR,Brazil,Socks4,Anonymous,Yes,5 secs ago
188.118.0.33,8111,BE,Belgium,Socks4,Anonymous,Yes,5 secs ago
190.15.247.190,5678,AR,Argentina,Socks4,Anonymous,Yes,5 secs ago
92.246.112.193,8111,IT,Italy,Socks4,Anonymous,Yes,5 secs ago
104.203.205.250,8111,US,United States,Socks4,Anonymous,Yes,5 secs ago
187.63.9.38,63253,BR,Brazil,Socks4,Anonymous,Yes,5 secs ago
69.178.234.172,8111,US,United States,Socks4,Anonymous,Yes,5 secs ago
119.46.2.246,4145,TH,Thailand,Socks4,Anonymous,Yes,5 secs ago
67.209.217.230,8111,US,United States,Socks4,Anonymous,Yes,5 secs ago
88.119.49.4,4153,LT,Lithuania,Socks4,Anonymous,Yes,5 secs ago
91.109.233.223,8111,GB,United Kingdom,Socks4,Anonymous,Yes,5 secs ago
137.119.107.87,8111,US,United States,Socks4,Anonymous,Yes,5 secs ago
67.205.153.110,51528,US,United States,Socks4,Anonymous,Yes,5 secs ago
207.182.78.220,8111,US,United States,Socks4,Anonymous,Yes,5 secs ago
38.2.20.57,8111,US,United States,Socks4,Anonymous,Yes,5 secs ago
104.203.168.199,8111,US,United States,Socks4,Anonymous,Yes,5 secs ago
181.111.175.237,4153,AR,Argentina,Socks4,Anonymous,Yes,5 secs ago
107.182.198.145,8111,US,United States,Socks4,Anonymous,Yes,5 secs ago
116.212.142.231,33427,KH,Cambodia,Socks4,Anonymous,Yes,5 secs ago
195.134.67.81,9000,GR,Greece,Socks4,Anonymous,Yes,5 secs ago
104.245.218.232,8111,US,United States,Socks4,Anonymous,Yes,5 secs ago
137.119.119.15,8111,US,United States,Socks4,Anonymous,Yes,5 secs ago
213.6.146.166,5678,PS,Palestinian Territory,Socks4,Anonymous,Yes,5 secs ago
64.255.84.54,8111,US,United States,Socks4,Anonymous,Yes,5 secs ago
176.114.131.200,1080,RU,Russian Federation,Socks4,Anonymous,Yes,5 secs ago
89.19.115.32,5678,UA,Ukraine,Socks4,Anonymous,Yes,5 secs ago
24.252.21.90,8111,US,United States,Socks4,Anonymous,Yes,5 secs ago
185.161.186.82,54321,ES,Spain,Socks4,Anonymous,Yes,5 secs ago
46.35.119.3,8111,ES,Spain,Socks4,Anonymous,Yes,5 secs ago
206.176.202.12,8111,US,United States,Socks4,Anonymous,Yes,5 secs ago
173.248.1.87,8111,US,United States,Socks4,Anonymous,Yes,5 secs ago
202.43.191.10,5430,ID,Indonesia,Socks4,Anonymous,Yes,5 secs ago
45.6.101.128,4145,BR,Brazil,Socks4,Anonymous,Yes,5 secs ago
103.83.252.61,1080,IN,India,Socks4,Anonymous,Yes,5 secs ago
23.249.77.5,8111,US,United States,Socks4,Anonymous,Yes,5 secs ago
207.5.15.111,8111,US,United States,Socks4,Anonymous,Yes,5 secs ago
216.213.116.57,8111,US,United States,Socks4,Anonymous,Yes,5 secs ago
69.55.37.156,8111,US,United States,Socks4,Anonymous,Yes,5 secs ago
185.6.10.137,47195,SE,Sweden,Socks4,Anonymous,Yes,5 secs ago
152.69.229.94,57846,KR,South Korea,Socks4,Anonymous,Yes,5 secs ago
129.154.54.75,36187,KR,South Korea,Socks4,Anonymous,Yes,5 secs ago
162.252.46.52,8111,CA,Canada,Socks4,Anonymous,Yes,5 secs ago
24.51.196.103,8111,US,United States,Socks4,Anonymous,Yes,5 secs ago
1.234.148.54,8111,KR,South Korea,Socks4,Anonymous,Yes,5 secs ago
38.125.89.200,32755,US,United States,Socks4,Anonymous,Yes,5 secs ago
173.215.93.115,8111,US,United States,Socks4,Anonymous,Yes,5 secs ago
167.172.138.43,14720,US,United States,Socks4,Anonymous,Yes,5 secs ago
192.151.166.130,8111,US,United States,Socks4,Anonymous,Yes,5 secs ago
119.82.226.232,7497,ID,Indonesia,Socks4,Anonymous,Yes,5 secs ago
43.239.75.145,4145,BD,Bangladesh,Socks4,Anonymous,Yes,5 secs ago
46.188.2.42,5678,RU,Russian Federation,Socks4,Anonymous,Yes,5 secs ago
14.142.20.134,4145,IN,India,Socks4,Anonymous,Yes,5 secs ago
142.11.213.94,7497,US,United States,Socks4,Anonymous,Yes,5 secs ago
209.145.97.88,8111,CA,Canada,Socks4,Anonymous,Yes,5 secs ago
120.63.205.13,8111,IN,India,Socks4,Anonymous,Yes,5 secs ago
66.35.104.201,8111,US,United States,Socks4,Anonymous,Yes,5 secs ago
185.92.222.127,9100,NL,Netherlands,Socks4,Anonymous,Yes,5 secs ago
103.114.96.93,1080,BD,Bangladesh,Socks4,Anonymous,Yes,5 secs ago
81.199.14.14,1088,IL,Israel,Socks4,Anonymous,Yes,5 secs ago
41.242.57.25,5678,NG,Nigeria,Socks4,Anonymous,Yes,5 secs ago
64.18.113.119,8111,US,United States,Socks4,Anonymous,Yes,5 secs ago
46.99.188.13,42551,XK,Kosovo,Socks4,Anonymous,Yes,5 secs ago
69.58.151.185,8111,US,United States,Socks4,Anonymous,Yes,5 secs ago
103.209.204.141,5678,IN,India,Socks4,Anonymous,Yes,5 secs ago
62.89.31.164,5678,AM,Armenia,Socks4,Anonymous,Yes,5 secs ago
46.35.115.2,8111,ES,Spain,Socks4,Anonymous,Yes,5 secs ago
137.118.184.44,8111,US,United States,Socks4,Anonymous,Yes,5 secs ago
64.57.175.44,8111,US,United States,Socks4,Anonymous,Yes,5 secs ago
186.251.255.65,31337,BR,Brazil,Socks4,Anonymous,Yes,5 secs ago
105.212.59.126,5678,ZA,South Africa,Socks4,Anonymous,Yes,5 secs ago
85.99.108.43,8111,TR,Turkey,Socks4,Anonymous,Yes,5 secs ago
45.205.1.148,21359,MU,Mauritius,Socks4,Anonymous,Yes,5 secs ago
85.93.231.158,8111,NO,Norway,Socks4,Anonymous,Yes,5 secs ago
139.99.201.117,21049,AU,Australia,Socks4,Anonymous,Yes,5 secs ago
31.206.55.18,8111,TR,Turkey,Socks4,Anonymous,Yes,5 secs ago
216.249.229.75,8111,US,United States,Socks4,Anonymous,Yes,5 secs ago
197.232.253.210,5678,KE,Kenya,Socks4,Anonymous,Yes,5 secs ago
103.117.109.5,4153,BD,Bangladesh,Socks4,Anonymous,Yes,5 secs ago
31.172.133.253,4153,RU,Russian Federation,Socks4,Anonymous,Yes,5 secs ago
204.10.131.198,8111,US,United States,Socks4,Anonymous,Yes,5 secs ago
64.53.98.168,8111,US,United States,Socks4,Anonymous,Yes,5 secs ago
116.204.229.97,4145,BD,Bangladesh,Socks4,Anonymous,Yes,5 secs ago
195.154.43.86,61689,FR,France,Socks4,Anonymous,Yes,5 secs ago
177.152.105.47,1080,BR,Brazil,Socks4,Anonymous,Yes,5 secs ago
202.4.106.74,5678,BD,Bangladesh,Socks4,Anonymous,Yes,5 secs ago
103.155.166.249,1080,ID,Indonesia,Socks4,Anonymous,Yes,5 secs ago
181.15.154.154,52033,AR,Argentina,Socks4,Anonymous,Yes,5 secs ago
54.39.87.232,39721,CA,Canada,Socks4,Anonymous,Yes,5 secs ago
36.67.88.77,4153,ID,Indonesia,Socks4,Anonymous,Yes,5 secs ago
195.78.113.70,1080,UA,Ukraine,Socks4,Anonymous,Yes,5 secs ago
103.210.29.100,31433,IN,India,Socks4,Anonymous,Yes,5 secs ago
63.250.48.189,8111,CA,Canada,Socks4,Anonymous,Yes,5 secs ago
69.173.169.47,8111,US,United States,Socks4,Anonymous,Yes,5 secs ago
190.4.8.202,4145,HN,Honduras,Socks4,Anonymous,Yes,5 secs ago
165.22.133.3,7497,US,United States,Socks4,Anonymous,Yes,5 secs ago
173.248.1.217,8111,US,United States,Socks4,Anonymous,Yes,5 secs ago
159.192.145.153,5678,TH,Thailand,Socks4,Anonymous,Yes,5 secs ago
103.87.170.18,5678,IN,India,Socks4,Anonymous,Yes,5 secs ago
102.244.120.10,45413,CM,Cameroon,Socks4,Anonymous,Yes,5 secs ago
202.148.3.73,4153,ID,Indonesia,Socks4,Anonymous,Yes,5 secs ago
103.94.133.94,4153,ID,Indonesia,Socks4,Anonymous,Yes,5 secs ago
103.138.27.129,1080,BD,Bangladesh,Socks4,Anonymous,Yes,5 secs ago
103.59.190.2,56252,IN,India,Socks4,Anonymous,Yes,5 secs ago
65.25.69.245,8111,US,United States,Socks4,Anonymous,Yes,5 secs ago
176.122.194.69,8111,CH,Switzerland,Socks4,Anonymous,Yes,5 secs ago
143.244.140.236,8444,IN,India,Socks4,Anonymous,Yes,5 secs ago
207.144.193.169,8111,US,United States,Socks4,Anonymous,Yes,5 secs ago
186.189.66.18,4153,AR,Argentina,Socks4,Anonymous,Yes,5 secs ago
203.194.103.30,5678,IN,India,Socks4,Anonymous,Yes,5 secs ago
125.26.22.113,5678,TH,Thailand,Socks4,Anonymous,Yes,5 secs ago
162.246.237.99,8111,US,United States,Socks4,Anonymous,Yes,5 secs ago
152.32.133.21,1080,HK,Hong Kong,Socks4,Anonymous,Yes,5 secs ago
103.140.75.11,5678,ID,Indonesia,Socks4,Anonymous,Yes,5 secs ago
159.224.243.185,61303,UA,Ukraine,Socks4,Anonymous,Yes,5 secs ago
50.115.158.41,8111,US,United States,Socks4,Anonymous,Yes,5 secs ago
200.35.49.57,41932,CO,Colombia,Socks4,Anonymous,Yes,5 secs ago
52.128.61.206,8111,US,United States,Socks4,Anonymous,Yes,5 secs ago
203.76.110.186,4145,BD,Bangladesh,Socks4,Anonymous,Yes,5 secs ago
185.215.160.27,5678,KZ,Kazakhstan,Socks4,Anonymous,Yes,5 secs ago
104.128.40.228,8111,US,United States,Socks4,Anonymous,Yes,5 secs ago
178.33.14.218,9999,FR,France,Socks4,Anonymous,Yes,5 secs ago
54.36.183.52,9173,FR,France,Socks4,Anonymous,Yes,5 secs ago
180.250.159.49,4153,ID,Indonesia,Socks4,Anonymous,Yes,5 secs ago
209.20.136.114,8111,US,United States,Socks4,Anonymous,Yes,5 secs ago
102.66.234.86,5678,ZA,South Africa,Socks4,Anonymous,Yes,5 secs ago
138.43.228.112,8111,US,United States,Socks4,Anonymous,Yes,5 secs ago
103.213.104.90,8111,AF,Afghanistan,Socks4,Anonymous,Yes,5 secs ago
73.192.191.15,8111,US,United States,Socks4,Anonymous,Yes,5 secs ago
1.251.79.106,8111,KR,South Korea,Socks4,Anonymous,Yes,5 secs ago
149.129.213.200,8080,ID,Indonesia,Socks4,Anonymous,Yes,5 secs ago
46.98.199.154,5678,UA,Ukraine,Socks4,Anonymous,Yes,5 secs ago
69.219.86.237,8111,US,United States,Socks4,Anonymous,Yes,5 secs ago
118.39.57.75,4145,KR,South Korea,Socks4,Anonymous,Yes,5 secs ago
117.74.125.65,7979,ID,Indonesia,Socks4,Anonymous,Yes,5 secs ago
173.212.14.137,8111,US,United States,Socks4,Anonymous,Yes,5 secs ago
91.225.170.25,4153,UA,Ukraine,Socks4,Anonymous,Yes,5 secs ago
103.165.22.246,5678,IN,India,Socks4,Anonymous,Yes,5 secs ago
95.216.228.201,37375,FI,Finland,Socks4,Anonymous,Yes,5 secs ago
170.254.204.118,8111,AR,Argentina,Socks4,Anonymous,Yes,5 secs ago
103.100.225.34,8111,AU,Australia,Socks4,Anonymous,Yes,5 secs ago
178.250.70.218,1088,IT,Italy,Socks4,Anonymous,Yes,5 secs ago
131.161.68.41,35944,BR,Brazil,Socks4,Anonymous,Yes,5 secs ago
12.199.50.87,8111,US,United States,Socks4,Anonymous,Yes,5 secs ago
176.98.248.2,4153,CZ,Czech Republic,Socks4,Anonymous,Yes,5 secs ago
162.247.86.146,8111,US,United States,Socks4,Anonymous,Yes,5 secs ago
88.87.171.249,8111,IE,Ireland,Socks4,Anonymous,Yes,5 secs ago
37.205.81.41,4145,RU,Russian Federation,Socks4,Anonymous,Yes,5 secs ago
159.89.49.172,7497,US,United States,Socks4,Anonymous,Yes,5 secs ago
46.4.222.1,1080,DE,Germany,Socks4,Anonymous,Yes,5 secs ago
73.133.112.2,8111,US,United States,Socks4,Anonymous,Yes,5 secs ago
45.226.1.1,4153,BR,Brazil,Socks4,Anonymous,Yes,5 secs ago
135.129.131.11,8111,US,United States,Socks4,Anonymous,Yes,5 secs ago
182.75.186.194,8111,IN,India,Socks4,Anonymous,Yes,5 secs ago
103.125.37.193,8080,ID,Indonesia,Socks4,Anonymous,Yes,5 secs ago
176.57.189.116,10898,DE,Germany,Socks4,Anonymous,Yes,5 secs ago
176.58.17.1,4153,PL,Poland,Socks4,Anonymous,Yes,5 secs ago
159.65.94.200,7497,GB,United Kingdom,Socks4,Anonymous,Yes,5 secs ago
188.173.80.140,5678,RO,Romania,Socks4,Anonymous,Yes,5 secs ago
206.42.46.88,4153,BR,Brazil,Socks4,Anonymous,Yes,5 secs ago
103.87.24.34,5678,IN,India,Socks4,Anonymous,Yes,5 secs ago
212.102.103.134,4153,TR,Turkey,Socks4,Anonymous,Yes,5 secs ago
114.108.177.104,60984,KR,South Korea,Socks4,Anonymous,Yes,5 secs ago
173.242.130.54,8111,US,United States,Socks4,Anonymous,Yes,5 secs ago
109.69.161.131,10801,AL,Albania,Socks4,Anonymous,Yes,5 secs ago
2.45.165.28,8111,IT,Italy,Socks4,Anonymous,Yes,5 secs ago
103.134.214.130,1648,ID,Indonesia,Socks4,Anonymous,Yes,5 secs ago
104.36.133.143,8111,US,United States,Socks4,Anonymous,Yes,5 secs ago
162.218.7.85,8111,US,United States,Socks4,Anonymous,Yes,5 secs ago
168.227.158.73,4145,BR,Brazil,Socks4,Anonymous,Yes,5 secs ago
217.197.151.182,5678,CZ,Czech Republic,Socks4,Anonymous,Yes,5 secs ago
192.169.205.131,53213,US,United States,Socks4,Anonymous,Yes,5 secs ago
76.10.101.24,8111,US,United States,Socks4,Anonymous,Yes,5 secs ago
154.79.254.88,5678,KE,Kenya,Socks4,Anonymous,Yes,5 secs ago
147.139.133.146,8080,ID,Indonesia,Socks4,Anonymous,Yes,5 secs ago
109.75.34.152,59341,AM,Armenia,Socks4,Anonymous,Yes,5 secs ago
149.20.253.80,12551,US,United States,Socks4,Anonymous,Yes,5 secs ago
43.229.227.162,1080,IN,India,Socks4,Anonymous,Yes,5 secs ago
71.38.44.196,8111,US,United States,Socks4,Anonymous,Yes,5 secs ago
172.98.161.126,19101,US,United States,Socks4,Anonymous,Yes,5 secs ago
104.251.224.95,53384,US,United States,Socks4,Anonymous,Yes,5 secs ago
185.23.66.172,5678,RU,Russian Federation,Socks4,Anonymous,Yes,5 secs ago
103.120.39.48,4145,BD,Bangladesh,Socks4,Anonymous,Yes,5 secs ago
157.230.85.100,10008,US,United States,Socks4,Anonymous,Yes,5 secs ago
5.8.99.82,8111,IT,Italy,Socks4,Anonymous,Yes,5 secs ago
177.105.68.240,4153,BR,Brazil,Socks4,Anonymous,Yes,5 secs ago
208.103.229.242,8111,CA,Canada,Socks4,Anonymous,Yes,5 secs ago
197.248.32.185,8111,KE,Kenya,Socks4,Anonymous,Yes,1 min ago
167.172.178.242,7497,DE,Germany,Socks4,Anonymous,Yes,1 min ago
193.70.73.39,34998,FR,France,Socks4,Anonymous,Yes,1 min ago
209.250.233.164,7497,DE,Germany,Socks4,Anonymous,Yes,1 min ago
159.65.245.126,7497,US,United States,Socks4,Anonymous,Yes,1 min ago
103.121.215.34,40927,ID,Indonesia,Socks4,Anonymous,Yes,1 min ago
222.255.139.134,5678,VN,Vietnam,Socks4,Anonymous,Yes,1 min ago
206.189.85.92,7497,SG,Singapore,Socks4,Anonymous,Yes,1 min ago
195.210.172.43,58350,RU,Russian Federation,Socks4,Anonymous,Yes,1 min ago
212.154.53.178,8111,TR,Turkey,Socks4,Anonymous,Yes,1 min ago
202.164.52.243,8111,IN,India,Socks4,Anonymous,Yes,1 min ago
186.224.225.82,42648,BR,Brazil,Socks4,Anonymous,Yes,1 min ago
62.171.170.254,7497,DE,Germany,Socks4,Anonymous,Yes,1 min ago
