IP,Port,Protocol,Country,Last Checked
182.75.23.170,8111,SOCKS5,ğŸ‡®ğŸ‡³ India,14 seconds ago
190.131.198.77,7497,SOCKS5,ğŸ‡¨ğŸ‡´ Colombia,20 seconds ago
103.125.161.116,8111,SOCKS5,Unknown,28 seconds ago
73.180.233.59,8111,SOCKS5,ğŸ‡ºğŸ‡¸ United States,32 seconds ago
198.153.88.224,8111,SOCKS5,ğŸ‡ºğŸ‡¸ United States,36 seconds ago
92.101.95.210,1080,SOCKS5,ğŸ‡·ğŸ‡º Russia,38 seconds ago
73.110.28.26,8111,SOCKS5,ğŸ‡ºğŸ‡¸ United States,38 seconds ago
45.161.236.252,7497,SOCKS5,Unknown,41 seconds ago
165.22.133.3,7497,SOCKS5,ğŸ‡ºğŸ‡¸ United States,45 seconds ago
167.250.29.61,8111,SOCKS5,ğŸ‡§ğŸ‡· Brazil,46 seconds ago
69.14.33.61,8111,SOCKS5,ğŸ‡ºğŸ‡¸ United States,46 seconds ago
187.190.111.249,8111,SOCKS5,ğŸ‡²ğŸ‡½ Mexico,46 seconds ago
78.187.94.201,8111,SOCKS5,ğŸ‡¹ğŸ‡· Turkey,47 seconds ago
68.13.63.208,8111,SOCKS5,ğŸ‡ºğŸ‡¸ United States,49 seconds ago
69.178.234.204,8111,SOCKS5,ğŸ‡ºğŸ‡¸ United States,49 seconds ago
68.107.5.120,8111,SOCKS5,ğŸ‡ºğŸ‡¸ United States,1 minute ago
209.141.56.216,10898,SOCKS5,ğŸ‡ºğŸ‡¸ United States,1 minute ago
52.144.110.94,8111,SOCKS5,ğŸ‡ºğŸ‡¸ United States,1 minute ago
14.139.234.55,8111,SOCKS5,ğŸ‡®ğŸ‡³ India,1 minute ago
73.166.220.47,8111,SOCKS5,ğŸ‡ºğŸ‡¸ United States,1 minute ago
183.88.213.130,8111,SOCKS5,ğŸ‡¹ğŸ‡­ Thailand,1 minute ago
119.18.38.245,8111,SOCKS5,ğŸ‡¦ğŸ‡º Australia,1 minute ago
78.188.114.228,8111,SOCKS5,ğŸ‡¹ğŸ‡· Turkey,1 minute ago
167.172.23.19,56594,SOCKS5,ğŸ‡¬ğŸ‡§ United Kingdom,1 minute ago
73.100.75.25,8111,SOCKS5,ğŸ‡ºğŸ‡¸ United States,1 minute ago
73.189.112.198,8111,SOCKS5,ğŸ‡ºğŸ‡¸ United States,1 minute ago
37.26.179.230,8111,SOCKS5,ğŸ‡«ğŸ‡· France,1 minute ago
72.212.37.142,8111,SOCKS5,ğŸ‡ºğŸ‡¸ United States,1 minute ago
183.82.112.94,8111,SOCKS5,ğŸ‡®ğŸ‡³ India,1 minute ago
167.99.168.124,7497,SOCKS5,ğŸ‡ºğŸ‡¸ United States,1 minute ago
73.111.122.241,8111,SOCKS5,ğŸ‡ºğŸ‡¸ United States,2 minutes ago
148.74.41.101,8111,SOCKS5,ğŸ‡ºğŸ‡¸ United States,2 minutes ago
68.58.142.206,8111,SOCKS5,ğŸ‡ºğŸ‡¸ United States,2 minutes ago
94.254.125.185,8111,SOCKS5,ğŸ‡¸ğŸ‡ª Sweden,2 minutes ago
88.249.20.78,8111,SOCKS5,ğŸ‡¹ğŸ‡· Turkey,2 minutes ago
64.89.242.254,8111,SOCKS5,ğŸ‡ºğŸ‡¸ United States,2 minutes ago
98.171.113.132,8111,SOCKS5,ğŸ‡ºğŸ‡¸ United States,2 minutes ago
72.200.246.179,8111,SOCKS5,ğŸ‡ºğŸ‡¸ United States,2 minutes ago
71.229.211.84,8111,SOCKS5,ğŸ‡ºğŸ‡¸ United States,2 minutes ago
88.249.104.6,8111,SOCKS5,ğŸ‡¹ğŸ‡· Turkey,2 minutes ago
174.75.30.122,8111,SOCKS5,ğŸ‡ºğŸ‡¸ United States,2 minutes ago
183.82.1.59,8111,SOCKS5,ğŸ‡®ğŸ‡³ India,2 minutes ago
183.82.109.25,8111,SOCKS5,ğŸ‡®ğŸ‡³ India,2 minutes ago
197.248.169.98,8111,SOCKS5,ğŸ‡°ğŸ‡ª Kenya,2 minutes ago
41.57.110.193,8111,SOCKS5,ğŸ‡°ğŸ‡ª Kenya,2 minutes ago
68.185.203.109,8111,SOCKS5,ğŸ‡ºğŸ‡¸ United States,2 minutes ago
183.82.99.84,8111,SOCKS5,ğŸ‡®ğŸ‡³ India,3 minutes ago
68.229.111.89,8111,SOCKS5,ğŸ‡ºğŸ‡¸ United States,3 minutes ago
72.193.152.196,8111,SOCKS5,ğŸ‡ºğŸ‡¸ United States,3 minutes ago
96.95.32.129,8111,SOCKS5,ğŸ‡ºğŸ‡¸ United States,3 minutes ago
159.89.163.128,7497,SOCKS5,ğŸ‡ºğŸ‡¸ United States,3 minutes ago
138.68.109.12,54034,SOCKS5,ğŸ‡©ğŸ‡ª Germany,3 minutes ago
24.192.199.173,8111,SOCKS5,ğŸ‡ºğŸ‡¸ United States,3 minutes ago
157.245.1.59,22878,SOCKS5,ğŸ‡ºğŸ‡¸ United States,3 minutes ago
158.140.129.217,8111,SOCKS5,ğŸ‡¸ğŸ‡¬ Singapore,3 minutes ago
45.251.34.116,8111,SOCKS5,ğŸ‡®ğŸ‡³ India,3 minutes ago
91.121.48.221,55348,SOCKS5,ğŸ‡«ğŸ‡· France,3 minutes ago
88.255.219.154,8111,SOCKS5,ğŸ‡¹ğŸ‡· Turkey,3 minutes ago
142.93.16.20,7497,SOCKS5,ğŸ‡¨ğŸ‡¦ Canada,3 minutes ago
206.189.212.114,7497,SOCKS5,ğŸ‡ºğŸ‡¸ United States,3 minutes ago
88.247.171.21,8111,SOCKS5,ğŸ‡¹ğŸ‡· Turkey,3 minutes ago
1.4.212.82,8111,SOCKS5,ğŸ‡¹ğŸ‡­ Thailand,3 minutes ago
45.46.230.252,8111,SOCKS5,ğŸ‡ºğŸ‡¸ United States,3 minutes ago
1.230.84.46,8111,SOCKS5,ğŸ‡°ğŸ‡· Republic of Korea,3 minutes ago
65.18.219.23,8111,SOCKS5,ğŸ‡ºğŸ‡¸ United States,3 minutes ago
73.147.89.158,8111,SOCKS5,ğŸ‡ºğŸ‡¸ United States,3 minutes ago
1.22.44.110,8111,SOCKS5,ğŸ‡®ğŸ‡³ India,3 minutes ago
184.186.27.74,8111,SOCKS5,ğŸ‡ºğŸ‡¸ United States,3 minutes ago
213.14.242.98,8111,SOCKS5,ğŸ‡¹ğŸ‡· Turkey,3 minutes ago
163.172.140.172,7497,SOCKS5,ğŸ‡«ğŸ‡· France,3 minutes ago
104.131.118.147,63620,SOCKS5,ğŸ‡ºğŸ‡¸ United States,4 minutes ago
72.219.144.152,8111,SOCKS5,ğŸ‡ºğŸ‡¸ United States,4 minutes ago
50.159.193.238,8111,SOCKS5,ğŸ‡ºğŸ‡¸ United States,4 minutes ago
208.99.108.22,8111,SOCKS5,ğŸ‡ºğŸ‡¸ United States,4 minutes ago
192.241.249.237,41745,SOCKS5,ğŸ‡ºğŸ‡¸ United States,4 minutes ago
172.105.41.112,15888,SOCKS5,ğŸ‡ºğŸ‡¸ United States,4 minutes ago
24.234.135.10,8111,SOCKS5,ğŸ‡ºğŸ‡¸ United States,4 minutes ago
37.187.118.228,7497,SOCKS5,ğŸ‡«ğŸ‡· France,4 minutes ago
167.99.207.119,7497,SOCKS5,ğŸ‡ºğŸ‡¸ United States,4 minutes ago
79.132.240.243,8111,SOCKS5,ğŸ‡§ğŸ‡ª Belgium,4 minutes ago
70.39.12.174,8111,SOCKS5,ğŸ‡ºğŸ‡¸ United States,4 minutes ago
70.175.33.179,8111,SOCKS5,ğŸ‡ºğŸ‡¸ United States,4 minutes ago
173.212.250.65,22381,SOCKS5,ğŸ‡©ğŸ‡ª Germany,4 minutes ago
95.217.162.240,10801,SOCKS5,ğŸ‡©ğŸ‡ª Germany,4 minutes ago
85.104.123.93,8111,SOCKS5,ğŸ‡¹ğŸ‡· Turkey,4 minutes ago
64.71.110.88,8111,SOCKS5,ğŸ‡ºğŸ‡¸ United States,4 minutes ago
96.42.43.227,8111,SOCKS5,ğŸ‡ºğŸ‡¸ United States,4 minutes ago
78.186.18.179,8111,SOCKS5,ğŸ‡¹ğŸ‡· Turkey,4 minutes ago
121.180.189.71,8111,SOCKS5,ğŸ‡°ğŸ‡· Republic of Korea,4 minutes ago
208.38.224.74,8111,SOCKS5,ğŸ‡ºğŸ‡¸ United States,4 minutes ago
212.154.101.53,8111,SOCKS5,ğŸ‡¹ğŸ‡· Turkey,4 minutes ago
192.53.171.180,16532,SOCKS5,ğŸ‡ºğŸ‡¸ United States,4 minutes ago
66.96.208.55,8111,SOCKS5,ğŸ‡¸ğŸ‡¬ Singapore,4 minutes ago
103.125.163.236,8111,SOCKS5,Unknown,4 minutes ago
78.186.132.95,8111,SOCKS5,ğŸ‡¹ğŸ‡· Turkey,4 minutes ago
73.254.105.167,8111,SOCKS5,ğŸ‡ºğŸ‡¸ United States,4 minutes ago
78.186.68.164,8111,SOCKS5,ğŸ‡¹ğŸ‡· Turkey,4 minutes ago
38.41.60.142,8111,SOCKS5,ğŸ‡ºğŸ‡¸ United States,4 minutes ago
162.250.170.154,8111,SOCKS5,ğŸ‡¨ğŸ‡¦ Canada,4 minutes ago
59.124.1.183,8111,SOCKS5,ğŸ‡¹ğŸ‡¼ Taiwan,5 minutes ago
138.201.185.118,38304,SOCKS5,ğŸ‡©ğŸ‡ª Germany,5 minutes ago
194.71.23.86,51486,SOCKS5,ğŸ‡³ğŸ‡´ Norway,5 minutes ago
173.212.245.45,41854,SOCKS5,ğŸ‡©ğŸ‡ª Germany,5 minutes ago
68.13.157.239,8111,SOCKS5,ğŸ‡ºğŸ‡¸ United States,5 minutes ago
159.65.94.200,7497,SOCKS5,ğŸ‡ºğŸ‡¸ United States,5 minutes ago
98.161.160.236,8111,SOCKS5,ğŸ‡ºğŸ‡¸ United States,5 minutes ago
192.74.246.152,1080,SOCKS5,ğŸ‡ºğŸ‡¸ United States,5 minutes ago
72.218.211.232,8111,SOCKS5,ğŸ‡ºğŸ‡¸ United States,5 minutes ago
142.93.113.81,7497,SOCKS5,ğŸ‡¨ğŸ‡¦ Canada,5 minutes ago
187.189.252.2,8111,SOCKS5,ğŸ‡²ğŸ‡½ Mexico,5 minutes ago
43.128.36.71,3389,SOCKS5,ğŸ‡¯ğŸ‡µ Japan,5 minutes ago
47.242.151.165,50001,SOCKS5,ğŸ‡ºğŸ‡¸ United States,5 minutes ago
117.201.242.137,8111,SOCKS5,ğŸ‡®ğŸ‡³ India,5 minutes ago
183.82.125.151,8111,SOCKS5,ğŸ‡®ğŸ‡³ India,5 minutes ago
23.249.78.2,8111,SOCKS5,ğŸ‡ºğŸ‡¸ United States,5 minutes ago
190.104.250.34,8111,SOCKS5,ğŸ‡¦ğŸ‡· Argentina,5 minutes ago
93.180.133.8,51652,SOCKS5,ğŸ‡¬ğŸ‡§ United Kingdom,5 minutes ago
45.79.71.86,7497,SOCKS5,ğŸ‡ºğŸ‡¸ United States,6 minutes ago
170.254.233.122,8111,SOCKS5,ğŸ‡µğŸ‡ª Peru,6 minutes ago
73.253.23.24,8111,SOCKS5,ğŸ‡ºğŸ‡¸ United States,6 minutes ago
49.206.20.235,8111,SOCKS5,ğŸ‡®ğŸ‡³ India,6 minutes ago
72.10.67.119,8111,SOCKS5,ğŸ‡ºğŸ‡¸ United States,6 minutes ago
173.248.27.183,8111,SOCKS5,ğŸ‡ºğŸ‡¸ United States,6 minutes ago
73.170.162.215,8111,SOCKS5,ğŸ‡ºğŸ‡¸ United States,6 minutes ago
98.161.224.91,8111,SOCKS5,ğŸ‡ºğŸ‡¸ United States,6 minutes ago
73.187.32.69,8111,SOCKS5,ğŸ‡ºğŸ‡¸ United States,6 minutes ago
36.27.223.92,49406,SOCKS5,ğŸ‡¨ğŸ‡³ China,6 minutes ago
187.188.188.38,8111,SOCKS5,ğŸ‡²ğŸ‡½ Mexico,6 minutes ago
145.239.95.118,10084,SOCKS5,ğŸ‡µğŸ‡± Poland,6 minutes ago
24.140.84.73,8111,SOCKS5,ğŸ‡ºğŸ‡¸ United States,6 minutes ago
75.87.148.62,8111,SOCKS5,ğŸ‡ºğŸ‡¸ United States,6 minutes ago
72.11.189.140,8111,SOCKS5,ğŸ‡¨ğŸ‡¦ Canada,7 minutes ago
195.142.153.102,8111,SOCKS5,ğŸ‡¹ğŸ‡· Turkey,7 minutes ago
51.222.146.133,7497,SOCKS5,ğŸ‡¬ğŸ‡§ United Kingdom,7 minutes ago
182.70.117.132,8111,SOCKS5,ğŸ‡®ğŸ‡³ India,7 minutes ago
142.44.241.192,7497,SOCKS5,ğŸ‡¨ğŸ‡¦ Canada,7 minutes ago
85.99.239.22,8111,SOCKS5,ğŸ‡¹ğŸ‡· Turkey,7 minutes ago
14.139.110.194,8111,SOCKS5,ğŸ‡®ğŸ‡³ India,7 minutes ago
104.204.254.9,8111,SOCKS5,ğŸ‡¨ğŸ‡¦ Canada,7 minutes ago
82.66.59.173,80,SOCKS5,ğŸ‡«ğŸ‡· France,7 minutes ago
72.23.55.229,8111,SOCKS5,ğŸ‡ºğŸ‡¸ United States,7 minutes ago
185.6.10.231,52047,SOCKS5,ğŸ‡¸ğŸ‡ª Sweden,7 minutes ago
72.48.168.91,8111,SOCKS5,ğŸ‡ºğŸ‡¸ United States,7 minutes ago
12.104.240.241,8111,SOCKS5,ğŸ‡ºğŸ‡¸ United States,7 minutes ago
74.83.46.185,8111,SOCKS5,ğŸ‡ºğŸ‡¸ United States,7 minutes ago
73.105.65.127,8111,SOCKS5,ğŸ‡ºğŸ‡¸ United States,7 minutes ago
194.163.160.116,7497,SOCKS5,ğŸ‡©ğŸ‡ª Germany,7 minutes ago
70.163.162.106,8111,SOCKS5,ğŸ‡ºğŸ‡¸ United States,7 minutes ago
73.152.110.67,8111,SOCKS5,ğŸ‡ºğŸ‡¸ United States,7 minutes ago
1.231.61.109,8111,SOCKS5,ğŸ‡°ğŸ‡· Republic of Korea,7 minutes ago
142.93.162.127,26601,SOCKS5,ğŸ‡¨ğŸ‡¦ Canada,7 minutes ago
129.126.197.33,8111,SOCKS5,ğŸ‡¸ğŸ‡¬ Singapore,7 minutes ago
174.71.36.227,8111,SOCKS5,ğŸ‡ºğŸ‡¸ United States,8 minutes ago
173.248.1.87,8111,SOCKS5,ğŸ‡ºğŸ‡¸ United States,8 minutes ago
85.105.9.222,8111,SOCKS5,ğŸ‡¹ğŸ‡· Turkey,8 minutes ago
68.185.58.178,8111,SOCKS5,ğŸ‡ºğŸ‡¸ United States,8 minutes ago
185.12.223.228,8111,SOCKS5,ğŸ‡±ğŸ‡§ Lebanon,8 minutes ago
71.38.44.196,8111,SOCKS5,ğŸ‡ºğŸ‡¸ United States,8 minutes ago
148.74.59.99,8111,SOCKS5,ğŸ‡ºğŸ‡¸ United States,8 minutes ago
137.119.41.206,8111,SOCKS5,ğŸ‡ºğŸ‡¸ United States,8 minutes ago
2.32.103.170,8111,SOCKS5,ğŸ‡®ğŸ‡¹ Italy,8 minutes ago
121.66.178.59,8111,SOCKS5,ğŸ‡°ğŸ‡· Republic of Korea,8 minutes ago
73.113.111.76,8111,SOCKS5,ğŸ‡ºğŸ‡¸ United States,8 minutes ago
73.217.10.10,8111,SOCKS5,ğŸ‡ºğŸ‡¸ United States,8 minutes ago
138.197.10.76,20154,SOCKS5,ğŸ‡ºğŸ‡¸ United States,8 minutes ago
142.11.196.7,7497,SOCKS5,ğŸ‡ºğŸ‡¸ United States,8 minutes ago
68.226.127.164,8111,SOCKS5,ğŸ‡ºğŸ‡¸ United States,8 minutes ago
207.5.28.230,8111,SOCKS5,ğŸ‡ºğŸ‡¸ United States,8 minutes ago
199.255.70.107,8111,SOCKS5,ğŸ‡ºğŸ‡¸ United States,8 minutes ago
68.228.16.15,8111,SOCKS5,ğŸ‡ºğŸ‡¸ United States,8 minutes ago
45.169.70.9,7497,SOCKS5,Unknown,8 minutes ago
167.172.23.19,33443,SOCKS5,ğŸ‡¬ğŸ‡§ United Kingdom,8 minutes ago
184.187.101.36,8111,SOCKS5,ğŸ‡ºğŸ‡¸ United States,8 minutes ago
73.189.184.48,8111,SOCKS5,ğŸ‡ºğŸ‡¸ United States,8 minutes ago
114.116.2.116,8001,SOCKS5,ğŸ‡¨ğŸ‡³ China,8 minutes ago
199.241.221.85,8111,SOCKS5,ğŸ‡ºğŸ‡¸ United States,8 minutes ago
62.141.87.161,1080,SOCKS5,ğŸ‡·ğŸ‡º Russia,8 minutes ago
117.247.191.76,8111,SOCKS5,ğŸ‡®ğŸ‡³ India,8 minutes ago
73.73.86.203,8111,SOCKS5,ğŸ‡ºğŸ‡¸ United States,8 minutes ago
81.214.74.219,8111,SOCKS5,ğŸ‡¹ğŸ‡· Turkey,8 minutes ago
116.202.192.102,28618,SOCKS5,ğŸ‡®ğŸ‡³ India,9 minutes ago
98.165.155.15,8111,SOCKS5,ğŸ‡ºğŸ‡¸ United States,9 minutes ago
68.106.197.224,8111,SOCKS5,ğŸ‡ºğŸ‡¸ United States,9 minutes ago
200.35.157.156,7497,SOCKS5,ğŸ‡¨ğŸ‡± Chile,9 minutes ago
139.99.123.53,19000,SOCKS5,ğŸ‡¸ğŸ‡¬ Singapore,9 minutes ago
138.68.5.80,7497,SOCKS5,ğŸ‡ºğŸ‡¸ United States,9 minutes ago
72.208.181.234,8111,SOCKS5,ğŸ‡ºğŸ‡¸ United States,9 minutes ago
167.99.76.237,7497,SOCKS5,ğŸ‡ºğŸ‡¸ United States,9 minutes ago
104.203.163.90,8111,SOCKS5,ğŸ‡ºğŸ‡¸ United States,9 minutes ago
216.8.216.14,8111,SOCKS5,ğŸ‡ºğŸ‡¸ United States,9 minutes ago
92.124.143.26,1080,SOCKS5,ğŸ‡·ğŸ‡º Russia,9 minutes ago
176.88.212.58,8111,SOCKS5,ğŸ‡¹ğŸ‡· Turkey,9 minutes ago
167.71.190.131,7497,SOCKS5,ğŸ‡ºğŸ‡¸ United States,9 minutes ago
72.198.109.157,8111,SOCKS5,ğŸ‡ºğŸ‡¸ United States,9 minutes ago
207.171.248.104,8111,SOCKS5,ğŸ‡ºğŸ‡¸ United States,9 minutes ago
73.164.231.19,8111,SOCKS5,ğŸ‡ºğŸ‡¸ United States,9 minutes ago
138.68.109.12,39070,SOCKS5,ğŸ‡©ğŸ‡ª Germany,9 minutes ago
37.221.193.221,11736,SOCKS5,ğŸ‡©ğŸ‡ª Germany,9 minutes ago
167.99.214.171,7497,SOCKS5,ğŸ‡ºğŸ‡¸ United States,9 minutes ago
62.171.170.254,7497,SOCKS5,ğŸ‡¬ğŸ‡§ United Kingdom,9 minutes ago
73.156.159.136,8111,SOCKS5,ğŸ‡ºğŸ‡¸ United States,9 minutes ago
176.88.159.22,8111,SOCKS5,ğŸ‡¹ğŸ‡· Turkey,9 minutes ago
24.239.85.75,8111,SOCKS5,ğŸ‡ºğŸ‡¸ United States,10 minutes ago
184.187.42.143,8111,SOCKS5,ğŸ‡ºğŸ‡¸ United States,10 minutes ago
212.50.96.137,8111,SOCKS5,ğŸ‡¨ğŸ‡¾ Cyprus,10 minutes ago
113.161.95.93,8111,SOCKS5,ğŸ‡»ğŸ‡³ Vietnam,10 minutes ago
68.4.42.49,8111,SOCKS5,ğŸ‡ºğŸ‡¸ United States,10 minutes ago
73.246.251.45,8111,SOCKS5,ğŸ‡ºğŸ‡¸ United States,10 minutes ago
216.71.239.160,8111,SOCKS5,ğŸ‡ºğŸ‡¸ United States,10 minutes ago
119.17.159.17,8111,SOCKS5,ğŸ‡¦ğŸ‡º Australia,10 minutes ago
73.89.185.78,8111,SOCKS5,ğŸ‡ºğŸ‡¸ United States,10 minutes ago
209.94.241.199,8111,SOCKS5,ğŸ‡ºğŸ‡¸ United States,10 minutes ago
178.62.226.96,35532,SOCKS5,ğŸ‡³ğŸ‡± Netherlands,10 minutes ago
193.70.73.39,34998,SOCKS5,ğŸ‡«ğŸ‡· France,10 minutes ago
73.116.125.83,8111,SOCKS5,ğŸ‡ºğŸ‡¸ United States,10 minutes ago
185.87.45.113,8111,SOCKS5,ğŸ‡¦ğŸ‡© Andorra,10 minutes ago
73.254.208.193,8111,SOCKS5,ğŸ‡ºğŸ‡¸ United States,10 minutes ago
96.42.78.29,8111,SOCKS5,ğŸ‡ºğŸ‡¸ United States,10 minutes ago
24.140.125.126,8111,SOCKS5,ğŸ‡ºğŸ‡¸ United States,10 minutes ago
73.157.47.100,8111,SOCKS5,ğŸ‡ºğŸ‡¸ United States,10 minutes ago
107.190.104.243,8111,SOCKS5,ğŸ‡¨ğŸ‡¦ Canada,11 minutes ago
134.209.9.131,7497,SOCKS5,ğŸ‡ºğŸ‡¸ United States,11 minutes ago
81.214.28.248,8111,SOCKS5,ğŸ‡¹ğŸ‡· Turkey,11 minutes ago
88.248.181.167,8111,SOCKS5,ğŸ‡¹ğŸ‡· Turkey,11 minutes ago
73.237.191.10,8111,SOCKS5,ğŸ‡ºğŸ‡¸ United States,11 minutes ago
1.156.30.252,8111,SOCKS5,ğŸ‡¦ğŸ‡º Australia,11 minutes ago
110.44.119.154,8111,SOCKS5,ğŸ‡³ğŸ‡µ Nepal,11 minutes ago
209.150.247.204,8111,SOCKS5,ğŸ‡ºğŸ‡¸ United States,11 minutes ago
68.99.245.215,8111,SOCKS5,ğŸ‡ºğŸ‡¸ United States,11 minutes ago
217.150.210.20,7497,SOCKS5,ğŸ‡ªğŸ‡¸ Spain,11 minutes ago
68.168.162.64,8111,SOCKS5,ğŸ‡ºğŸ‡¸ United States,11 minutes ago
68.10.42.22,8111,SOCKS5,ğŸ‡ºğŸ‡¸ United States,11 minutes ago
170.254.206.39,8111,SOCKS5,ğŸ‡¦ğŸ‡· Argentina,11 minutes ago
67.246.26.91,8111,SOCKS5,ğŸ‡ºğŸ‡¸ United States,11 minutes ago
68.97.59.232,8111,SOCKS5,ğŸ‡ºğŸ‡¸ United States,11 minutes ago
119.9.104.72,7497,SOCKS5,ğŸ‡­ğŸ‡° Hong Kong,11 minutes ago
50.246.123.178,8111,SOCKS5,ğŸ‡ºğŸ‡¸ United States,11 minutes ago
85.105.160.209,8111,SOCKS5,ğŸ‡¹ğŸ‡· Turkey,11 minutes ago
5.39.84.56,12678,SOCKS5,ğŸ‡«ğŸ‡· France,12 minutes ago
174.67.245.199,8111,SOCKS5,ğŸ‡ºğŸ‡¸ United States,12 minutes ago
188.127.193.16,8111,SOCKS5,ğŸ‡«ğŸ‡® Finland,12 minutes ago
137.118.220.156,8111,SOCKS5,ğŸ‡ºğŸ‡¸ United States,12 minutes ago
174.68.180.91,8111,SOCKS5,ğŸ‡ºğŸ‡¸ United States,12 minutes ago
68.104.149.146,8111,SOCKS5,ğŸ‡ºğŸ‡¸ United States,12 minutes ago
46.35.109.38,8111,SOCKS5,ğŸ‡ªğŸ‡¸ Spain,12 minutes ago
77.236.222.156,8111,SOCKS5,ğŸ‡¨ğŸ‡¿ Czechia,12 minutes ago
207.154.240.108,7497,SOCKS5,ğŸ‡©ğŸ‡ª Germany,12 minutes ago
165.22.204.32,7497,SOCKS5,ğŸ‡ºğŸ‡¸ United States,12 minutes ago
194.163.189.206,7497,SOCKS5,ğŸ‡©ğŸ‡ª Germany,12 minutes ago
85.99.117.60,8111,SOCKS5,ğŸ‡¹ğŸ‡· Turkey,12 minutes ago
206.123.57.244,8111,SOCKS5,ğŸ‡ºğŸ‡¸ United States,12 minutes ago
72.220.185.240,8111,SOCKS5,ğŸ‡ºğŸ‡¸ United States,12 minutes ago
142.11.213.94,7497,SOCKS5,ğŸ‡ºğŸ‡¸ United States,12 minutes ago
182.55.17.113,8111,SOCKS5,ğŸ‡¸ğŸ‡¬ Singapore,12 minutes ago
135.125.244.133,21056,SOCKS5,ğŸ‡ºğŸ‡¸ United States,12 minutes ago
185.21.34.2,7497,SOCKS5,ğŸ‡ªğŸ‡¸ Spain,12 minutes ago
66.175.222.195,7497,SOCKS5,ğŸ‡ºğŸ‡¸ United States,12 minutes ago
178.128.112.215,64018,SOCKS5,ğŸ‡¬ğŸ‡· Greece,13 minutes ago
94.73.244.204,8111,SOCKS5,ğŸ‡·ğŸ‡º Russia,13 minutes ago
138.197.181.13,7497,SOCKS5,ğŸ‡©ğŸ‡ª Germany,13 minutes ago
98.165.57.163,8111,SOCKS5,ğŸ‡ºğŸ‡¸ United States,13 minutes ago
78.189.54.52,8111,SOCKS5,ğŸ‡¹ğŸ‡· Turkey,13 minutes ago
138.197.203.84,7497,SOCKS5,ğŸ‡ºğŸ‡¸ United States,13 minutes ago
31.145.187.18,8111,SOCKS5,ğŸ‡¹ğŸ‡· Turkey,13 minutes ago
12.167.236.226,8111,SOCKS5,ğŸ‡ºğŸ‡¸ United States,13 minutes ago
117.200.76.43,8111,SOCKS5,ğŸ‡®ğŸ‡³ India,13 minutes ago
96.32.249.34,8111,SOCKS5,ğŸ‡ºğŸ‡¸ United States,13 minutes ago
157.245.77.149,54032,SOCKS5,ğŸ‡ºğŸ‡¸ United States,13 minutes ago
123.25.121.46,8111,SOCKS5,ğŸ‡»ğŸ‡³ Vietnam,13 minutes ago
167.250.31.126,8111,SOCKS5,ğŸ‡§ğŸ‡· Brazil,13 minutes ago
76.188.232.77,8111,SOCKS5,ğŸ‡ºğŸ‡¸ United States,13 minutes ago
212.156.133.150,8111,SOCKS5,ğŸ‡¹ğŸ‡· Turkey,13 minutes ago
91.205.72.103,53460,SOCKS5,ğŸ‡µğŸ‡± Poland,13 minutes ago
113.161.174.173,8111,SOCKS5,ğŸ‡»ğŸ‡³ Vietnam,14 minutes ago
192.241.249.237,17645,SOCKS5,ğŸ‡ºğŸ‡¸ United States,14 minutes ago
103.110.84.199,7497,SOCKS5,Unknown,14 minutes ago
103.250.153.3,8111,SOCKS5,ğŸ‡®ğŸ‡³ India,14 minutes ago
71.236.142.128,8111,SOCKS5,ğŸ‡ºğŸ‡¸ United States,14 minutes ago
88.247.35.202,8111,SOCKS5,ğŸ‡¹ğŸ‡· Turkey,14 minutes ago
38.94.34.232,19061,SOCKS5,ğŸ‡ºğŸ‡¸ United States,14 minutes ago
91.241.44.228,7497,SOCKS5,ğŸ‡©ğŸ‡ª Germany,14 minutes ago
67.222.124.163,8111,SOCKS5,ğŸ‡ºğŸ‡¸ United States,14 minutes ago
73.247.199.49,8111,SOCKS5,ğŸ‡ºğŸ‡¸ United States,14 minutes ago
146.59.178.163,63977,SOCKS5,ğŸ‡³ğŸ‡´ Norway,14 minutes ago
63.135.63.145,8111,SOCKS5,ğŸ‡ºğŸ‡¸ United States,14 minutes ago
73.70.191.161,8111,SOCKS5,ğŸ‡ºğŸ‡¸ United States,14 minutes ago
182.73.157.238,8111,SOCKS5,ğŸ‡®ğŸ‡³ India,14 minutes ago
67.210.146.50,11080,SOCKS5,ğŸ‡ºğŸ‡¸ United States,14 minutes ago
73.255.109.130,8111,SOCKS5,ğŸ‡ºğŸ‡¸ United States,14 minutes ago
116.203.205.170,19999,SOCKS5,ğŸ‡®ğŸ‡³ India,14 minutes ago
107.139.143.78,8111,SOCKS5,ğŸ‡ºğŸ‡¸ United States,14 minutes ago
88.250.23.175,8111,SOCKS5,ğŸ‡¹ğŸ‡· Turkey,14 minutes ago
24.251.179.219,8111,SOCKS5,ğŸ‡ºğŸ‡¸ United States,14 minutes ago
85.214.99.110,7497,SOCKS5,ğŸ‡©ğŸ‡ª Germany,15 minutes ago
78.186.64.17,8111,SOCKS5,ğŸ‡¹ğŸ‡· Turkey,15 minutes ago
5.189.146.59,17909,SOCKS5,ğŸ‡©ğŸ‡ª Germany,15 minutes ago
138.94.92.26,7497,SOCKS5,ğŸ‡§ğŸ‡· Brazil,15 minutes ago
73.175.230.133,8111,SOCKS5,ğŸ‡ºğŸ‡¸ United States,15 minutes ago
5.9.51.182,1080,SOCKS5,ğŸ‡©ğŸ‡ª Germany,15 minutes ago
177.46.142.254,8111,SOCKS5,ğŸ‡§ğŸ‡· Brazil,15 minutes ago
142.93.162.127,19534,SOCKS5,ğŸ‡¨ğŸ‡¦ Canada,15 minutes ago
137.118.221.118,8111,SOCKS5,ğŸ‡ºğŸ‡¸ United States,15 minutes ago
73.213.32.223,8111,SOCKS5,ğŸ‡ºğŸ‡¸ United States,15 minutes ago
73.93.73.206,8111,SOCKS5,ğŸ‡ºğŸ‡¸ United States,15 minutes ago
192.241.249.237,26888,SOCKS5,ğŸ‡ºğŸ‡¸ United States,15 minutes ago
24.218.218.203,8111,SOCKS5,ğŸ‡ºğŸ‡¸ United States,15 minutes ago
1.234.148.54,8111,SOCKS5,ğŸ‡°ğŸ‡· Republic of Korea,15 minutes ago
73.103.113.81,8111,SOCKS5,ğŸ‡ºğŸ‡¸ United States,15 minutes ago
96.52.25.235,8111,SOCKS5,ğŸ‡¨ğŸ‡¦ Canada,15 minutes ago
73.231.189.78,8111,SOCKS5,ğŸ‡ºğŸ‡¸ United States,15 minutes ago
95.9.61.7,8111,SOCKS5,ğŸ‡¹ğŸ‡· Turkey,15 minutes ago
187.72.4.43,8111,SOCKS5,ğŸ‡§ğŸ‡· Brazil,15 minutes ago
66.129.149.184,8111,SOCKS5,ğŸ‡¨ğŸ‡¦ Canada,16 minutes ago
209.20.136.60,8111,SOCKS5,ğŸ‡ºğŸ‡¸ United States,16 minutes ago
208.103.227.143,8111,SOCKS5,ğŸ‡¨ğŸ‡¦ Canada,16 minutes ago
73.185.84.17,8111,SOCKS5,ğŸ‡ºğŸ‡¸ United States,16 minutes ago
67.222.124.189,8111,SOCKS5,ğŸ‡ºğŸ‡¸ United States,16 minutes ago
212.154.53.178,8111,SOCKS5,ğŸ‡¹ğŸ‡· Turkey,16 minutes ago
73.185.8.210,8111,SOCKS5,ğŸ‡ºğŸ‡¸ United States,16 minutes ago
73.94.8.123,8111,SOCKS5,ğŸ‡ºğŸ‡¸ United States,16 minutes ago
208.99.99.220,8111,SOCKS5,ğŸ‡ºğŸ‡¸ United States,16 minutes ago
174.73.102.36,8111,SOCKS5,ğŸ‡ºğŸ‡¸ United States,16 minutes ago
24.140.140.8,8111,SOCKS5,ğŸ‡ºğŸ‡¸ United States,16 minutes ago
116.197.205.177,8111,SOCKS5,ğŸ‡¸ğŸ‡¬ Singapore,16 minutes ago
73.225.148.120,8111,SOCKS5,ğŸ‡ºğŸ‡¸ United States,16 minutes ago
50.158.253.106,8111,SOCKS5,ğŸ‡ºğŸ‡¸ United States,16 minutes ago
1.226.220.6,8111,SOCKS5,ğŸ‡°ğŸ‡· Republic of Korea,16 minutes ago
61.136.112.35,7302,SOCKS5,ğŸ‡¨ğŸ‡³ China,16 minutes ago
103.107.92.35,8111,SOCKS5,Unknown,16 minutes ago
103.247.55.14,8111,SOCKS5,ğŸ‡®ğŸ‡³ India,16 minutes ago
75.119.159.251,28210,SOCKS5,ğŸ‡ºğŸ‡¸ United States,16 minutes ago
73.90.90.168,8111,SOCKS5,ğŸ‡ºğŸ‡¸ United States,16 minutes ago
95.9.142.196,8111,SOCKS5,ğŸ‡¹ğŸ‡· Turkey,16 minutes ago
73.118.197.221,8111,SOCKS5,ğŸ‡ºğŸ‡¸ United States,16 minutes ago
173.215.8.226,8111,SOCKS5,ğŸ‡ºğŸ‡¸ United States,16 minutes ago
73.85.200.240,8111,SOCKS5,ğŸ‡ºğŸ‡¸ United States,17 minutes ago
49.205.173.11,8111,SOCKS5,ğŸ‡®ğŸ‡³ India,17 minutes ago
182.72.96.178,8111,SOCKS5,ğŸ‡®ğŸ‡³ India,17 minutes ago
98.161.29.47,8111,SOCKS5,ğŸ‡ºğŸ‡¸ United States,17 minutes ago
68.111.238.203,8111,SOCKS5,ğŸ‡ºğŸ‡¸ United States,17 minutes ago
66.44.131.32,8111,SOCKS5,ğŸ‡ºğŸ‡¸ United States,17 minutes ago
78.188.10.207,8111,SOCKS5,ğŸ‡¹ğŸ‡· Turkey,17 minutes ago
216.213.1.24,8111,SOCKS5,ğŸ‡ºğŸ‡¸ United States,17 minutes ago
199.172.200.210,8111,SOCKS5,ğŸ‡§ğŸ‡² Bermuda,17 minutes ago
72.23.64.101,8111,SOCKS5,ğŸ‡ºğŸ‡¸ United States,17 minutes ago
68.1.73.93,8111,SOCKS5,ğŸ‡ºğŸ‡¸ United States,17 minutes ago
73.231.203.189,8111,SOCKS5,ğŸ‡ºğŸ‡¸ United States,17 minutes ago
68.108.135.241,8111,SOCKS5,ğŸ‡ºğŸ‡¸ United States,17 minutes ago
75.143.27.188,8111,SOCKS5,ğŸ‡ºğŸ‡¸ United States,17 minutes ago
45.112.136.214,8111,SOCKS5,ğŸ‡®ğŸ‡³ India,17 minutes ago
5.8.99.82,8111,SOCKS5,ğŸ‡®ğŸ‡¹ Italy,17 minutes ago
73.193.196.52,8111,SOCKS5,ğŸ‡ºğŸ‡¸ United States,17 minutes ago
138.197.66.68,54325,SOCKS5,ğŸ‡ºğŸ‡¸ United States,17 minutes ago
24.170.197.162,8111,SOCKS5,ğŸ‡ºğŸ‡¸ United States,17 minutes ago
167.99.201.224,7497,SOCKS5,ğŸ‡ºğŸ‡¸ United States,17 minutes ago
98.163.195.152,8111,SOCKS5,ğŸ‡ºğŸ‡¸ United States,17 minutes ago
88.225.227.83,8111,SOCKS5,ğŸ‡¹ğŸ‡· Turkey,17 minutes ago
68.109.86.79,8111,SOCKS5,ğŸ‡ºğŸ‡¸ United States,18 minutes ago
72.193.188.136,8111,SOCKS5,ğŸ‡ºğŸ‡¸ United States,18 minutes ago
45.185.6.35,7497,SOCKS5,Unknown,18 minutes ago
208.99.109.96,8111,SOCKS5,ğŸ‡ºğŸ‡¸ United States,18 minutes ago
173.73.173.211,8111,SOCKS5,ğŸ‡ºğŸ‡¸ United States,18 minutes ago
138.185.140.166,8111,SOCKS5,ğŸ‡¦ğŸ‡· Argentina,18 minutes ago
209.195.4.150,8111,SOCKS5,ğŸ‡ºğŸ‡¸ United States,18 minutes ago
73.251.155.12,8111,SOCKS5,ğŸ‡ºğŸ‡¸ United States,18 minutes ago
73.168.206.41,8111,SOCKS5,ğŸ‡ºğŸ‡¸ United States,18 minutes ago
51.178.51.28,7497,SOCKS5,ğŸ‡¬ğŸ‡§ United Kingdom,18 minutes ago
128.199.114.180,7497,SOCKS5,ğŸ‡¸ğŸ‡¬ Singapore,18 minutes ago
85.99.253.213,8111,SOCKS5,ğŸ‡¹ğŸ‡· Turkey,18 minutes ago
159.65.116.119,30199,SOCKS5,ğŸ‡ºğŸ‡¸ United States,18 minutes ago
216.9.180.213,8111,SOCKS5,ğŸ‡ºğŸ‡¸ United States,18 minutes ago
68.225.63.40,8111,SOCKS5,ğŸ‡ºğŸ‡¸ United States,18 minutes ago
73.70.217.48,8111,SOCKS5,ğŸ‡ºğŸ‡¸ United States,18 minutes ago
73.77.238.21,8111,SOCKS5,ğŸ‡ºğŸ‡¸ United States,18 minutes ago
88.249.199.35,8111,SOCKS5,ğŸ‡¹ğŸ‡· Turkey,18 minutes ago
197.248.21.81,8111,SOCKS5,ğŸ‡°ğŸ‡ª Kenya,18 minutes ago
85.97.204.198,8111,SOCKS5,ğŸ‡¹ğŸ‡· Turkey,18 minutes ago
162.245.178.196,8111,SOCKS5,ğŸ‡ºğŸ‡¸ United States,18 minutes ago
